{
  "high_risk_orders": 24,
  "high_risk_value_ngn": 1569150325.3799999,
  "estimated_delay_cost_ngn": 94149019.52279998,
  "potential_savings_ngn": 65904313.665959984,
  "avg_prediction_confidence": 0.5246085208563184
}